DN,objectClass,distinguishedName,sAMAccountName,sn,givenname,userPrincipalName,description,mail,telephoneNumber,wWWHomePage
"CN=Pericles Rodolfo,OU=INFRA,OU=EQUIPES,OU=TI,OU=01-MATRIZ-SP,DC=popovici,DC=lab",user,"CN=Pericles Rodolfo,OU=INFRA,OU=EQUIPES,OU=TI,OU=01-MATRIZ-SP,DC=popovici,DC=lab",adm.rodolfo.pericles,Pericles,Rodolfo,Rodolfo Pericles,Anl Infra II,adm.rodolfo.pericles@popovici.lab,1198563-8568,www.eduardopopovici.com
"CN=Lira Adan,OU=DIRETORIA,OU=DEPTOS,OU=01-MATRIZ-SP,DC=popovici,DC=lab",user,"CN=Lira Adan,OU=DIRETORIA,OU=DEPTOS,OU=01-MATRIZ-SP,DC=popovici,DC=lab",adan.lira,Lira,Adan,Adan Lira,Diretor de TI,adan.lira@popovici.lab,1198563-8569,www.eduardopopovici.com
"CN=Ranolfo Emerson,OU=RH,OU=DEPTOS,OU=01-MATRIZ-SP,DC=popovici,DC=lab",user,"CN=Ranolfo Emerson,OU=RH,OU=DEPTOS,OU=01-MATRIZ-SP,DC=popovici,DC=lab",emerson.ranolfo,Ranolfo,Emerson,Emerson Ranolfo,Analista de RH,emerson.ranolfo@popovici.lab,1198563-8570,www.eduardopopovici.com
"CN=Simpson Liza,OU=DP,OU=DEPTOS,OU=01-MATRIZ-SP,DC=popovici,DC=lab",user,"CN=Simpson Liza,OU=DP,OU=DEPTOS,OU=01-MATRIZ-SP,DC=popovici,DC=lab",liza.simpson,Simpson,Liza,Liza Simpson,Analista de DP,liza.simpson@popovici.lab,1198563-8571,www.eduardopopovici.com
"CN=Lima Epaminondas,OU=VENDAS,OU=DEPTOS,OU=01-MATRIZ-SP,DC=popovici,DC=lab",user,"CN=Lima Epaminondas,OU=VENDAS,OU=DEPTOS,OU=01-MATRIZ-SP,DC=popovici,DC=lab",epaminondas.lima,Lima,Epaminondas,Epaminondas Lima,Vendedor,epaminondas.lima@popovici.lab,1198563-8572,www.eduardopopovici.com
"CN=Limeira Joanesio,OU=ENGENHARIA,OU=DEPTOS,OU=01-MATRIZ-SP,DC=popovici,DC=lab",user,"CN=Limeira Joanesio,OU=ENGENHARIA,OU=DEPTOS,OU=01-MATRIZ-SP,DC=popovici,DC=lab",joanesio.limeira,Limeira,Joanesio,Joanesio Limeira,Engenheiro I,joanesio.limeira@popovici.lab,1198563-8573,www.eduardopopovici.com
"CN=Lucia Ana,OU=ENGENHARIA,OU=DEPTOS,OU=01-MATRIZ-SP,DC=popovici,DC=lab",user,"CN=Lucia Ana,OU=ENGENHARIA,OU=DEPTOS,OU=01-MATRIZ-SP,DC=popovici,DC=lab",ana.lucia,Lucia,Ana,Ana Lucia,Estagiario,ana.lucia@popovici.lab,1198563-8574,www.eduardopopovici.com
"CN=Paulo Pedro,OU=N1,OU=EQUIPES,OU=TI,OU=01-MATRIZ-SP,DC=popovici,DC=lab",user,"CN=Paulo Pedro,OU=N1,OU=EQUIPES,OU=TI,OU=01-MATRIZ-SP,DC=popovici,DC=lab",pedro.paulo,Paulo,Pedro,Pedro Paulo,Analista de Suporte,pedro.paulo@popovici.lab,1198563-8575,www.eduardopopovici.com
"CN=Paulo Pedro,OU=N1,OU=EQUIPES,OU=TI,OU=01-MATRIZ-SP,DC=popovici,DC=lab",user,"CN=Paulo Pedro,OU=N1,OU=EQUIPES,OU=TI,OU=01-MATRIZ-SP,DC=popovici,DC=lab",adm.pedro.paulo,Paulo,Pedro,Pedro Paulo,Analista de Suporte,adm.pedro.paulo@popovici.lab,1198563-8576,www.eduardopopovici.com
"CN=Barbosa Alison,OU=N2,OU=EQUIPES,OU=TI,OU=01-MATRIZ-SP,DC=popovici,DC=lab",user,"CN=Barbosa Alison,OU=N2,OU=EQUIPES,OU=TI,OU=01-MATRIZ-SP,DC=popovici,DC=lab",alison.barbosa,Barbosa,Alison,Alison Barbosa,Analista de Suporte,alison.barbosa@popovici.lab,1198563-8577,www.eduardopopovici.com
"CN=Carvalho Erica,OU=DP,OU=DEPTOS,OU=01-MATRIZ-SP,DC=popovici,DC=lab",user,"CN=Carvalho Erica,OU=DP,OU=DEPTOS,OU=01-MATRIZ-SP,DC=popovici,DC=lab",erica.carvalho,Carvalho,Erica,Erica Carvalho,Analista de DP,erica.carvalho@popovici.lab,1198563-8578,www.eduardopopovici.com
"CN=Paula Ana,OU=VENDAS,OU=DEPTOS,OU=01-MATRIZ-SP,DC=popovici,DC=lab",user,"CN=Paula Ana,OU=VENDAS,OU=DEPTOS,OU=01-MATRIZ-SP,DC=popovici,DC=lab",ana.paula,Paula,Ana,Ana Paula,Coordenador,ana.paula@popovici.lab,1198563-8579,www.eduardopopovici.com
"CN=Luiza Maria,OU=VENDAS,OU=DEPTOS,OU=01-MATRIZ-SP,DC=popovici,DC=lab",user,"CN=Luiza Maria,OU=VENDAS,OU=DEPTOS,OU=01-MATRIZ-SP,DC=popovici,DC=lab",maria.luiza,Luiza,Maria,Maria Luiza,Vendedor,maria.luiza@popovici.lab,1198563-8580,www.eduardopopovici.com
"CN=Palermo Ranieri,OU=DIRETORIA,OU=DEPTOS,OU=01-MATRIZ-SP,DC=popovici,DC=lab",user,"CN=Palermo Ranieri,OU=DIRETORIA,OU=DEPTOS,OU=01-MATRIZ-SP,DC=popovici,DC=lab",ranieri.palermo,Palermo,Ranieri,Ranieri Palermo,Diretor Geral,ranieri.palermo@popovici.lab,1198563-8581,www.eduardopopovici.com
"CN=Liso Pablo,OU=ZELADORIA,OU=DEPTOS,OU=01-MATRIZ-SP,DC=popovici,DC=lab",user,"CN=Liso Pablo,OU=ZELADORIA,OU=DEPTOS,OU=01-MATRIZ-SP,DC=popovici,DC=lab",pablo.liso,Liso,Pablo,Pablo Liso,Zelador,pablo.liso@popovici.lab,1198563-8582,www.eduardopopovici.com
"CN=Souza Renato,OU=VENDAS,OU=DEPTOS,OU=01-MATRIZ-SP,DC=popovici,DC=lab",user,"CN=Souza Renato,OU=VENDAS,OU=DEPTOS,OU=01-MATRIZ-SP,DC=popovici,DC=lab",renato.souza,Souza,Renato,Renato Souza,Vendedor,renato.souza@popovici.lab,1198563-8583,www.eduardopopovici.com
"CN=Andrade Pamela,OU=VENDAS,OU=DEPTOS,OU=01-MATRIZ-SP,DC=popovici,DC=lab",user,"CN=Andrade Pamela,OU=VENDAS,OU=DEPTOS,OU=01-MATRIZ-SP,DC=popovici,DC=lab",pamela.andrade,Andrade,Pamela,Pamela Andrade,Vendedor,pamela.andrade@popovici.lab,1198563-8584,www.eduardopopovici.com
"CN=Mazutti Laura,OU=TMKT,OU=DEPTOS,OU=01-MATRIZ-SP,DC=popovici,DC=lab",user,"CN=Mazutti Laura,OU=TMKT,OU=DEPTOS,OU=01-MATRIZ-SP,DC=popovici,DC=lab",laura.mazutti,Mazutti,Laura,Laura Mazutti,Atendente,laura.mazutti@popovici.lab,1198563-8585,www.eduardopopovici.com
"CN=Pauluci Erika,OU=TMKT,OU=DEPTOS,OU=01-MATRIZ-SP,DC=popovici,DC=lab",user,"CN=Pauluci Erika,OU=TMKT,OU=DEPTOS,OU=01-MATRIZ-SP,DC=popovici,DC=lab",erika.pauluci,Pauluci,Erika,Erika Pauluci,Atendente,erika.pauluci@popovici.lab,1198563-8586,www.eduardopopovici.com
"CN=Brabo Rick,OU=TMKT,OU=DEPTOS,OU=01-MATRIZ-SP,DC=popovici,DC=lab",user,"CN=Brabo Rick,OU=TMKT,OU=DEPTOS,OU=01-MATRIZ-SP,DC=popovici,DC=lab",rick.brabo,Brabo,Rick,Rick Brabo,Atendente,rick.brabo@popovici.lab,1198563-8587,www.eduardopopovici.com
"CN=Lima Renner,OU=TMKT,OU=DEPTOS,OU=01-MATRIZ-SP,DC=popovici,DC=lab",user,"CN=Lima Renner,OU=TMKT,OU=DEPTOS,OU=01-MATRIZ-SP,DC=popovici,DC=lab",renner.lima,Lima,Renner,Renner Lima,Atendente,renner.lima@popovici.lab,1198563-8588,www.eduardopopovici.com
"CN=Charmosa Penelope,OU=TMKT,OU=DEPTOS,OU=01-MATRIZ-SP,DC=popovici,DC=lab",user,"CN=Charmosa Penelope,OU=TMKT,OU=DEPTOS,OU=01-MATRIZ-SP,DC=popovici,DC=lab",penelope.charmosa,Charmosa,Penelope,Penelope Charmosa,Atendente,penelope.charmosa@popovici.lab,1198563-8589,www.eduardopopovici.com
"CN=Bravo Paulo,OU=QUALIDADE,OU=DEPTOS,OU=01-MATRIZ-SP,DC=popovici,DC=lab",user,"CN=Bravo Paulo,OU=QUALIDADE,OU=DEPTOS,OU=01-MATRIZ-SP,DC=popovici,DC=lab",paulo.bravo,Bravo,Paulo,Paulo Bravo,Analista de Qualidade,paulo.bravo@popovici.lab,1198563-8590,www.eduardopopovici.com
"CN=Bravo Jony,OU=QUALIDADE,OU=DEPTOS,OU=01-MATRIZ-SP,DC=popovici,DC=lab",user,"CN=Bravo Jony,OU=QUALIDADE,OU=DEPTOS,OU=01-MATRIZ-SP,DC=popovici,DC=lab",jony.bravo,Bravo,Jony,Jony Bravo,Analista de Qualidade,jony.bravo@popovici.lab,1198563-8591,www.eduardopopovici.com
"CN=Santos Cristina,OU=DEV,OU=EQUIPES,OU=TI,OU=01-MATRIZ-SP,DC=popovici,DC=lab",user,"CN=Santos Cristina,OU=DEV,OU=EQUIPES,OU=TI,OU=01-MATRIZ-SP,DC=popovici,DC=lab",cristina.santos,Santos,Cristina,Cristina Santos,Dev Phyton,cristina.santos@popovici.lab,1198563-8592,www.eduardopopovici.com
"CN=Lopes Pietro,OU=DEV,OU=EQUIPES,OU=TI,OU=01-MATRIZ-SP,DC=popovici,DC=lab",user,"CN=Lopes Pietro,OU=DEV,OU=EQUIPES,OU=TI,OU=01-MATRIZ-SP,DC=popovici,DC=lab",pietro.lopes,Lopes,Pietro,Pietro Lopes,Dev Phyton,pietro.lopes@popovici.lab,1198563-8593,www.eduardopopovici.com
"CN=Souza Peterson,OU=DEV,OU=EQUIPES,OU=TI,OU=01-MATRIZ-SP,DC=popovici,DC=lab",user,"CN=Souza Peterson,OU=DEV,OU=EQUIPES,OU=TI,OU=01-MATRIZ-SP,DC=popovici,DC=lab",peterson.souza,Souza,Peterson,Peterson Souza,Dev Java,peterson.souza@popovici.lab,1198563-8594,www.eduardopopovici.com
"CN=Santos Luciana,OU=SEGURANCA,OU=EQUIPES,OU=TI,OU=01-MATRIZ-SP,DC=popovici,DC=lab",user,"CN=Santos Luciana,OU=SEGURANCA,OU=EQUIPES,OU=TI,OU=01-MATRIZ-SP,DC=popovici,DC=lab",luciana.santos,Santos,Luciana,Luciana Santos,Anl Seguranca I,luciana.santos@popovici.lab,1198563-8595,www.eduardopopovici.com
"CN=Ribeiro Mariana,OU=SEGURANCA,OU=EQUIPES,OU=TI,OU=01-MATRIZ-SP,DC=popovici,DC=lab",user,"CN=Ribeiro Mariana,OU=SEGURANCA,OU=EQUIPES,OU=TI,OU=01-MATRIZ-SP,DC=popovici,DC=lab",mariana.ribeiro,Ribeiro,Mariana,Mariana Ribeiro,Anl Seguranca III,mariana.ribeiro@popovici.lab,1198563-8596,www.eduardopopovici.com
"CN=Penso Pedro,OU=SEGURANCA,OU=EQUIPES,OU=TI,OU=01-MATRIZ-SP,DC=popovici,DC=lab",user,"CN=Penso Pedro,OU=SEGURANCA,OU=EQUIPES,OU=TI,OU=01-MATRIZ-SP,DC=popovici,DC=lab",pedro.penso,Penso,Pedro,Pedro Penso,Pentester,pedro.penso@popovici.lab,1198563-8597,www.eduardopopovici.com
"CN=Ribeiro Paulinha,OU=SEGURANCA,OU=EQUIPES,OU=TI,OU=01-MATRIZ-SP,DC=popovici,DC=lab",user,"CN=Ribeiro Paulinha,OU=SEGURANCA,OU=EQUIPES,OU=TI,OU=01-MATRIZ-SP,DC=popovici,DC=lab",paulinha.ribeiro,Ribeiro,Paulinha,Paulinha Ribeiro,Penterter,paulinha.ribeiro@popovici.lab,1198563-8598,www.eduardopopovici.com
"CN=Remo Rita,OU=COMPRAS,OU=DEPTOS,OU=FILIAL-01-RJ,OU=02-FILIAIS,DC=popovici,DC=lab",user,"CN=Remo Rita,OU=COMPRAS,OU=DEPTOS,OU=FILIAL-01-RJ,OU=02-FILIAIS,DC=popovici,DC=lab",rita.remo,Remo,Rita,Rita Remo,Comprador,rita.remo@popovici.lab,1198563-8599,www.eduardopopovici.com
"CN=Silva Luca,OU=COMPRAS,OU=DEPTOS,OU=FILIAL-01-RJ,OU=02-FILIAIS,DC=popovici,DC=lab",user,"CN=Silva Luca,OU=COMPRAS,OU=DEPTOS,OU=FILIAL-01-RJ,OU=02-FILIAIS,DC=popovici,DC=lab",luca.silva,Silva,Luca,Luca Silva,Comprador,luca.silva@popovici.lab,1198563-8600,www.eduardopopovici.com
"CN=Silva Patricia,OU=COMPRAS,OU=DEPTOS,OU=FILIAL-01-RJ,OU=02-FILIAIS,DC=popovici,DC=lab",user,"CN=Silva Patricia,OU=COMPRAS,OU=DEPTOS,OU=FILIAL-01-RJ,OU=02-FILIAIS,DC=popovici,DC=lab",patricia.silva,Silva,Patricia,Patricia Silva,Comprador,patricia.silva@popovici.lab,1198563-8601,www.eduardopopovici.com
"CN=Cabreiro Peterpan,OU=COMPRAS,OU=DEPTOS,OU=FILIAL-01-RJ,OU=02-FILIAIS,DC=popovici,DC=lab",user,"CN=Cabreiro Peterpan,OU=COMPRAS,OU=DEPTOS,OU=FILIAL-01-RJ,OU=02-FILIAIS,DC=popovici,DC=lab",peterpan.cabreiro,Cabreiro,Peterpan,Peterpan Cabreiro,Coordenador - Compras e Vendas,peterpan.cabreiro@popovici.lab,1198563-8602,www.eduardopopovici.com
"CN=Amui Max,OU=DB,OU=EQUIPES,OU=TI,OU=01-MATRIZ-SP,DC=popovici,DC=lab",user,"CN=Amui Max,OU=DB,OU=EQUIPES,OU=TI,OU=01-MATRIZ-SP,DC=popovici,DC=lab",max.amui,Amui,Max,Max Amui,DBA,max.amui@popovici.lab,1198563-8603,www.eduardopopovici.com
"CN=Ricardo Jose,OU=DB,OU=EQUIPES,OU=TI,OU=01-MATRIZ-SP,DC=popovici,DC=lab",user,"CN=Ricardo Jose,OU=DB,OU=EQUIPES,OU=TI,OU=01-MATRIZ-SP,DC=popovici,DC=lab",jose.ricardo,Ricardo,Jose,Jose Ricardo,DBA,jose.ricardo@popovici.lab,1198563-8604,www.eduardopopovici.com
"CN=Limeira Renata,OU=TMKT,OU=DEPTOS,OU=01-MATRIZ-SP,DC=popovici,DC=lab",user,"CN=Limeira Renata,OU=TMKT,OU=DEPTOS,OU=01-MATRIZ-SP,DC=popovici,DC=lab",renata.limeira,Limeira,Renata,Renata Limeira,Atendente,renata.limeira@popovici.lab,1198563-8605,www.eduardopopovici.com
"CN=Panca Jose,OU=TMKT,OU=DEPTOS,OU=01-MATRIZ-SP,DC=popovici,DC=lab",user,"CN=Panca Jose,OU=TMKT,OU=DEPTOS,OU=01-MATRIZ-SP,DC=popovici,DC=lab",jose.panca,Panca,Jose,Jose Panca,Atendente,jose.panca@popovici.lab,1198563-8606,www.eduardopopovici.com
"CN=Ricardo Flavio,OU=DIRETORIA,OU=DEPTOS,OU=01-MATRIZ-SP,DC=popovici,DC=lab",user,"CN=Ricardo Flavio,OU=DIRETORIA,OU=DEPTOS,OU=01-MATRIZ-SP,DC=popovici,DC=lab",flavio.ricardo,Ricardo,Flavio,Flavio Ricardo,Diretor Executivo,flavio.ricardo@popovici.lab,1198563-8607,www.eduardopopovici.com
